Form_id,Form_date,Status,Pum_form_popup_id,Name,Email,Phone,PartnerSpouse-name,Spouse-email,Child-names,Fmem-names,Address1,Address2,City,State,Zipcode,Knowhow,Menu-201,Menu-202,Kc_captcha,Kc_honeypot
186,02/15/2019 15:49:49,read,16861,Randeep Basu,basurandeep@gmail.com,9198895413,Pooja Basu,,Aarushi Basu,,1805 Ferntree Ct,,Morrisville,NC,27560,,0,35,kc_human,
185,02/15/2019 09:07:01,read,16861,SHILADITYA PAUL,BHAIDA@GMAIL.COM,8452220447,,,AVINASH PAUL,"JIBAN, MINATI, MOUSUMI PAUL",15 ACKLAND DRIVE,,GREENSBORO,NC,27455,,0,35,kc_human,
184,02/14/2019 22:26:14,unread,16861,Amitava and Mita Das,amitabho.das@gmail.com,9194028072,,,Shreya,,345 Bridle Boast Rd,,Cary,NC,27519,,50,35,kc_human,
183,02/14/2019 20:33:43,unread,16861,Subhashis Ghoshal,ghosaal@yahoo.com,9192676044,Mahasweta  Mukhopadhyay,mahasweta74@yahoo.com,Meghdoot Ghoshal,Subhashis Ghoshal,304 EUPHORIA CIR,,CARY,North Carolina,27519,,50,35,kc_human,
182,02/14/2019 19:10:07,unread,16861,ABM Nasir,nasmc@yahoo.com,9194513153,Hosne Mridha,hosne22@yahoo.com,Neil Auroni,,508 Slate Creek Place,,Cary,NC,27519,,50,35,kc_human,
181,02/13/2019 23:47:09,read,16861,RamS Basak,basakrams@gmail.com,6628016484,Surma Mukherjee,iamsurma@gmail.com,,,215 William Penn Plz,321,Durham,NC,27704,,0,35,kc_human,
180,02/13/2019 23:36:15,read,16861,Sudipto Mukherjee,chandrimasen17@gmail.com,9193486872,Chandrima Sen,c_sen@hotmail.com,,,412 Fallen Elm Avenue,,Cary,NC,27513,,50,35,kc_human,
178,02/13/2019 19:26:26,read,16861,Alok Chakrabarti,chakrabarti.alok@gmail.com,4845229160,Kabita Chakrabarti,,,,1202 Waterford Lake Dr,,Cary,NC,27519,,50,35,kc_human,
177,02/13/2019 19:00:05,read,16861,Gouri Dutta,gourisdutta@gmail.com,9194844085,,,,,217 Alumni Ave,,Durham,NC,27713,,30,25,kc_human,
176,02/13/2019 18:49:47,read,16861,Joyati Lockley,joyati@gmail.com,9194753871,Barrett Lockley,,Travis ,,170 Grey Elm Trail,,Durham,NC,27713,,50,35,kc_human,
175,02/13/2019 10:17:37,unread,16861,Prithwiraj Ghosh,prithwirajg@gmail.com,9705817506,Chandrani Ghosh,chandranighosh2009@gmail.com,"Trishana Ghosh, Ariana Ghosh",,1957 Grace Point Road,,Morrisville,NC,27560,,50,35,kc_human,
174,02/12/2019 22:12:42,unread,16861,Lopamudra Roychowdhury Nandy,lopa.roychowdhury@gmail.com,7326901760,Debajyoti Nandy,,Oishee Nandy,,4167 Lofty Ridge Pl,,Morrisville,North Carolina,27560,,50,35,kc_human,
173,02/12/2019 20:50:31,read,16861,Anubrata Mukherjee,anubroto07@gmail.com,7326683837,Paushali Ghosh,paushali.couture@gmail.com,,,310 Walnut Woods Dr,,Morrisville,North Carolina,27560,,50,35,kc_human,
171,02/12/2019 11:17:54,read,16861,Poulami (Poulami) Barman,poulamibarman20@gmail.com,9842602122,Saptarshi Goswami,saptashigoswami@gmail.com,Satvik Goswami,,"2211, Good wood Circle",,cary,NC,27513,,50,35,kc_human,
168,02/12/2019 09:35:52,unread,16861,Sambit Bhattacharya,pbanerjee@gmail.com,9105747708,Progyamita Bhattacharya,pbanerjee@gmail.com,"Audrija, Ishani",Reema Banerjee,310 Alliance Cir,,Cary,NC,27519-5527,,50,35,kc_human,
167,02/11/2019 16:33:22,unread,16861,Alakananda Roy,alakananda.roy@gmail.com,7043405259,Ashish Verma,,Arnav Verma,,964 Brandy Creek Dr,,Greenville,NC,27858,,50,35,kc_human,
166,02/11/2019 15:21:27,unread,16861,Madhumita Ray,madhumita.ray@gmail.com,919-462-9410,Manas Ray,,Mitas Ray,,519 Hickorywood Blvd,,Cary,NC,27519,,50,35,kc_human,
165,02/11/2019 15:04:26,unread,16861,Pradip Gangopadhyay ,pradip.gangopadhyay@gmail.com,91935679033,Swapna ,,Paula ,,5305 Lake Edge Dr ,,Holly Springs ,North Carolina ,27540,Been a member for a while.,50,35,kc_human,
163,02/11/2019 11:41:22,unread,16861,MRINMAY BISWAS,mbiswas@nc.rr.com,(919) 493-7334,SUSANA M. BISWAS,,,,10 COTSWOLD PLACE,,DURHAM,NORTH CAROLINA,27707-5514,LONG TIME MEMBER,50,35,kc_human,
162,02/11/2019 10:21:58,unread,16861,Dilip R Choudhury,dchoudhury99@gmail.com,9192679293,Sipra Choudhury,,Aparna and Mohua Choudhury,,204 Royal Tower Way,,Cary,NC,27513,,50,35,kc_human,
161,02/11/2019 09:34:36,unread,16861,Aniruddha Bhattacharyya,absinc9383@gmail.com,7036903925,Anjali,,Aniruddha Bhattacharyya,Aniruddha Bhattacharyya,113 Ashley Brook court,,Cary,NC,27513,"We are a regular member.

You are aware we are seniors and we do not drive any more.  Please note our care giver, who drives, will be with us to take us to the puja, bring us back and stay with us for our safety. ",50,35,kc_human,
160,02/10/2019 14:03:17,read,16861,Gautam Saha,gautam.saha@raleighnc.gov,919-894-1953,Madhumita Saha,madhumitasensaha@gmail.com,Anushna Saha,,211 Tecumseh Ct. ,,Cary,NC,27513,,50,35,kc_human,
159,02/10/2019 11:01:11,unread,16861,SANKHA DEY,dey.sankha@gmail.com,8184916898,SATABDI SANTRA,satabdi.santra@gmail.com,,,4000  MANOR CLUB DRIVE,APARTMENT 343,RALEIGH,NORTH CAROLINA,27612,,50,35,kc_human,
158,02/10/2019 09:17:11,read,16861,Ranee Chatterjee Montgomery,seanandranee@gmail.com,9198697911,Sean Montgomery,,"Maya, Meera",Ranee Montgomery,140 Old Greensboro Rd,,Chapel Hill,NC,27516,,50,35,kc_human,
157,02/09/2019 18:32:06,unread,16861,Arun Chatterjee,arun@utk.edu,8656031658,Kalpana Chatterjee,,,"Ranee, Maya. Meera",30120 Village Park Drive,,Chapel Hill,NC,27517,BANC e-mail,50,35,kc_human,
151,02/09/2019 02:07:52,read,16861,Naim Rashid,naim.rashid84@gmail.com,9194487336,Ashmita Chatterjee,ashmitachatterjee31@gmail.com,Aashna and Aalia,Naim Rashid,10857 Round Brook Circle,,Raleigh,NORTH CAROLINA,27617,,50,35,kc_human,
150,02/09/2019 00:32:56,read,16861,Sabyasachi Dechaudhari,sadc.1986@gmail.com,4049886417,Anuradha S Roy,anuradha.roy31@gmail.com,Riaan Dechaudhari,,22025 BURBAGE CIR,,CARY,North Carolina,27519,,50,35,kc_human,
149,02/09/2019 00:24:34,read,16861,Arunima Das,emailtoarunimad@gmail.com,8045648969,George ,georgeabraham06@gmail.com,Ariana,,111 Acorn Hollow Place,,Durham,North Carolina,27703,,50,35,kc_human,
148,02/09/2019 00:11:40,read,16861,Diptorup Deb,diptorupd@gmail.com,5027594750,Shreoshi Mukherjee,,,,1002 Willow Dr Apt 76,,Chapel Hill,North Carolina,27514,,0,50,kc_human,
147,02/08/2019 23:03:38,read,16861,Rumela Lahiri,rm.lahiri@gmail.com,5108595669,Joyjit Kundu,joyjitkundu032@gmail.com,Arduja Kundu ,,3222 Myra Street ,Apt D,Durham,NC,27707,,0,35,kc_human,
146,02/08/2019 22:59:44,read,16861,Antu Dey,antu.dey@gmail.com,6469647218,Poulami Dey,poulamid@gmail.com,"Aayush Dey, Anushree Dey",,605 Laconia Woods Place,,Cary,NC,27519,,50,35,kc_human,
145,02/08/2019 21:04:03,read,16861,Sudeep Basu,sudeepbasu@gmail.com,650-776-7413,Manasi Palit,,,,732 vine pond ct,,apex,nc,27523,,0,50,kc_human,
144,02/08/2019 20:43:11,read,16861,Suchitra Dutta,suchitradutta1104@gmail.com,9194519877,,,Sudip Kumar Dutta; Sumita Dutta,Suchitra Dutta,5119 Carolwood Lane,,Durham,North Carolina,27713,,30,25,kc_human,
143,02/08/2019 19:03:44,read,16861,NILENDU SEN,nilendus@gmail.com,9199012046,ADITI SEN,aditinsen@gmail.com,MRITTIKA SEN,,205 Bluffton Drive,,Morrisville,North Carolina,27560,,50,35,kc_human,
142,02/08/2019 17:16:18,unread,16861,Sukhamoy Dutta,sukhamoy.dutta@gmail.com,919-544-8930,Rita Dutta,ritadutta123@yahoo.com,,,9 Pendleton CT.,,Durham,NC,27713,,50,35,kc_human,
141,02/08/2019 15:47:40,read,16861,Shankha Mukherjee,mshankha@hotmail.com,9803224732,Sanchita Mukherjee,mukhsanchita@yahoo.com,Srishti Mukherjee,,1030 Trinity Ridge Rd,APT 204,Raleigh,NC,27607,,50,35,kc_human,
140,02/08/2019 13:12:22,read,16861,Piyali Springer,piyalispringer@yahoo.com,9196235218,Jonathan Springer,jfspring@yahoo.com,Aaratrik Springer,,1879 Lazio Lane,,Apex,NC,27502,,50,35,kc_human,
139,02/08/2019 10:38:20,unread,16861,Kamalendu Das,kamaldas1944@gmail.com,9196519572,Shyamali Das,,Kamalendu Das,,1012 Deshire Lane.,,Morrisville,NC,27560,,50,35,kc_human,
138,02/07/2019 22:35:06,read,16861,Debojyoti Lahiri,debojyotilahiri@gmail.com,7818641267,Paulomi Majumder,paulomi.majumder@gmail.com,Debojyoti Lahiri,Debojyoti Lahiri,118 Linden Park Ln,,Cary,NC,27519,,50,35,kc_human,
137,02/07/2019 22:05:03,read,16861,Reena Banerjee,banerjeereena@gmail.com,9192334691,MAHADEV BANERJEE,devbanerjee150@gmail.com,,,1013 Vino Drive,,Raleigh,NC,27607,Member,50,35,kc_human,
136,02/07/2019 20:26:44,unread,16861,Biswakalyan Goswami,biswakalyan.goswami@gmail.com,614-805-7674,Bishakha,,"Arihant, Adyant, Advika",,1908 Ferntree Court,,Morrisville,NC,27560,,50,35,kc_human,
134,02/07/2019 14:52:51,unread,16861,Jaydeep dhar,ishi.ghosh@gmail.com,9197445692,Ishita ghosh,,Anaya dhar,Bina dhar,417 holsten bank way,,Cary,Nc,27519,,50,35,kc_human,
133,02/07/2019 11:31:52,unread,16861,Kalyan Ghosh,kghosh@bellsouth.net,9199605727,,,Kalyan Ghosh,Kalyan Ghosh,10005 Hammock Bend,,Chapel Hill,NC,27517,,30,25,kc_human,
132,02/07/2019 10:47:09,unread,16861,Attreyee Roy Chowdhury,atree123@gmail.com,9199084229,Kausik Dutta,kausikmcet2005@gmail.com,Keertish Dutta,,1226 Macalpine Cir,,Morrisville,NC,27560,,50,35,kc_human,
130,02/07/2019 08:12:03,read,16861,Somasish Ghosh Dastidar,somasish@gmail.com,469-879-9760,Ranita Ghosh Dastidar,netalaap@gmail.com,Hridhaan Ghosh Dastidar,,5126 Copper Ridge Drive,Apt 204,Durham,NC,27707,,0,50,kc_human,
129,02/07/2019 08:00:14,read,16861,Saikot Mandal ,saikot.mandal@gmail.com,7793484589,,,,,2510 Cedar Forest Way,Apt 203,Raleigh,NC,27608,,0,50,kc_human,
127,02/06/2019 22:55:25,unread,16861,Kingshuk Roychoudhury,kingshukcork@gmail.com,9199045546,,,,,119 tuckers pond Dr,Chapel hill,Chapel hill,Nc,27516,,50,35,kc_human,
126,02/06/2019 22:34:03,unread,16861,Anirban Roy,roy_shanku@yahoo.com,9193715005,Ipshita Roy,royipshita@yahoo.com,"Prithika Roy, Reneeka Roy",Anirban Roy,812 Nanny Reams Lane,,Cary,North Carolina,27519,,50,35,kc_human,
125,02/06/2019 22:28:27,unread,16861,Sabyasachi Gupta,gupta.sangita@gmail.com,919-371-0243,Sangita Nandi,,Sanjana Gupta,,304 FRONTGATE DR,,CARY,NC,27519-7187,,50,35,kc_human,
123,02/05/2019 21:18:53,unread,16861,Shantanu K Datta,d_shantanuk@yahoo.co.in,9193417755,,,,,"8221 Bertini Rd, Apt 204",,Raleigh,North Carolina,27616,,0,50,kc_human,
122,02/05/2019 20:05:10,unread,16861,Satrajit Das,sdas100@gmail.com,9193628238,Urmila Das,udas100@gmail.com,Siddhartha Das,,2107 Peabody Place,,Apex,NC,27523,,50,35,kc_human,
121,02/05/2019 08:53:56,unread,16861,Rishu Ghose ,rishu287@gmail.com,6265353745,Sritama Ghosh ,sritama.ghosh77@gmail.com,Sreyanshu ghosh,,1228 oak crest green court ,,Morrisville ,North Carolina ,27560,,50,35,kc_human,
120,02/04/2019 22:32:18,read,16861,Aniruddha Chakravarty,achakra65@gmail.com,914-733-2506,Manami Banerjee,,"Aditi, Suhana",,603 Thomaston Hill Ct,,Cary,NC,27519,,50,35,kc_human,
117,02/04/2019 19:11:27,read,16861,pravakar samanta,samanta_pravakar@yahoo.com,919466539,soma samanta,samanta_pravakar@yahoo.com,Labannya samanta,,208 cedarpost dr,,cary,NC,27513,,50,35,,
115,02/04/2019 19:06:11,read,16861,Chetan Kapat,dr.neo99@gmail.com,9177419099,Vinaya Kapat,paivinaya@gmail.com,,,"710 Independence Pl, Unit 708",,Raleigh,NC,27603,Previous members ,50,35,,
114,02/04/2019 18:36:42,read,16861,Saikat Majumder,saikat.majumder@gmail.com,9195922552,Payel Majumder Mallik,,Arshiya Majumder,,1232 Spring Garden Dr,,Morrisville,North Carolina,27560,,0,35,,
113,01/14/2019 21:45:04,unread,16861,Sudipto Sen,sudipto.sen1978@gmail.com,9197998828,Moumita Sen,,Asya Sen & Reyaansh Sen,,110 Bigbee Trl,,Morrisville,NC,27560,,50,35,,
112,01/14/2019 14:32:14,unread,16861,Teesta Ghosh,teestaghosh@gmail.com,5186189550,Siddhartha Sen,sid2677@gmail.com,Rihaan Ghosh Sen,,1503 Catch Fly Ln,,Durham,NC,27713,,0,50,,
111,01/14/2019 09:44:23,unread,16861,Lipika Ghosh,lghosh29@gmail.com,7048070194,Jaison Peeris,jaison_peeris@yahoo.com,Neil,,416 Chandler Grant Dr,,Cary,North Carolina,27519,,50,35,,
109,01/13/2019 10:32:06,unread,16861,Sayak Dutta,sayakd@gmail.com,9197170665,Abrita Dutta,abrita.mallick@gmail.com,Riaan Dutta,,109 Kathleen Court,,Morrisville,North Carolina,27560,,0,35,,
108,01/12/2019 23:13:29,unread,16861,Indranil Chakrabarti,indranil_chakrabarti@yahoo.com,2013153725,Nivedita Chakrabarti,niveditach2004@yahoo.co.in,Madhurima Chakrabarti,,225 Birdsgrove Ct.,,Cary,NC,27519-7618,From Friends,50,35,,
106,01/12/2019 17:42:11,unread,16861,ABHAY DATTA,BDATTA2@YAHOO.COM,9194005794,BASABI DATTA,BASABIDATTA@YAHOO.COM,,,8212 COOSA COURT,,Raleigh,NC,27616,,0,35,,
104,01/12/2019 11:16:01,unread,16861,Kishorejit Kar,kishore73k@yahoo.com,9196002317,Nupur Shome,nupurkar@yahoo.co.in,"Sukanya Kar, Nandana Kar",,133 Begen St,,Morrisville,NC,27560,,50,35,,
103,01/11/2019 23:57:06,unread,16861,Arindam Malakar,arindam786@yahoo.com,9197573977,Rinku Malakar,malakar.rinku@gmail.com,Asmita Malakar,,310 Sunstone Dr,,CARY,NC,27519,,50,35,,
101,01/11/2019 16:56:50,unread,16861,Neil Chakravarty,neil.chak@gmail.com,8044024913,Sohini,sohini4851@gmail.com,Neil Chakravarty,,14 Old Saybrook Dr ,,Greensboro,NC,27455,Common friends (Debojyoti and Paulami),50,35,,
100,01/11/2019 10:52:24,unread,16861,Srikana Pal,pal.srikana@gmail.com,2019361061,Premjit Pan,pan.premjit@gmail.com,,,2324 Grande Valley Circle,,Cary,NC,27513,,50,35,,
98,01/09/2019 13:40:00,unread,16861,Debashish Pal,deba30@gmail.com,9178031073,Indrani Sinha,indrani012003@gmail.com,Ashvik Pal,,111 Walnut Forest Ln,,Morrisville,NC,27560,,50,35,,
95,02/04/2019 09:41:12,unread,16861,Keya Das,keya_das@hotmail.com,8609181392,,,,,1147 Nottingham Circle,,Cary,NC,27511,Already a Member,0,25,,
93,02/04/2019 07:42:31,unread,16861,Sumi Sarkar,sumi@followthechild.org,9197471054,Asish Sarkar,1313sarkar@gmail.com,sumi sarkar,sumi sarkar,1313 PITTY PATS PATH,,ZEBULON,North Carolina,27597-7644,,50,35,,
92,02/04/2019 02:05:57,unread,16861,Subhabrata Mukherjee,sm681@duke.edu,9842096520,,,,,"2530 Erwin Road,","APT 458, Trinity Commons",Durham,North Carolina,27705,,0,10,,
91,02/03/2019 17:12:45,unread,16861,Sanjoy Chatterjee,benuc@hotmail.com,9196218284,Benu Chatterjee,,Sanjoy Chatterjee,Sanjoy Chatterjee,6109 Carlyle Drive,,Raleigh,NC North Carolina,27614,,50,35,,
89,02/03/2019 11:26:17,unread,16861,Paula Chakravarti,paula.chakravarti@gmail.com,9088726940,,,Shayon,Paula Chakravarti,3048 SENTINEL FERRY LANE,,Cary,NC,27519,,50,35,,
88,02/02/2019 23:39:36,unread,16861,Saumadeep Sinha,sauma.sinha@gmail.com,8598689874,Debalina Sinha,debalina09.sinha@gmail.com,"Dhriti Sinha , Rashtri Sinha",,2327 Highstone Road,,Cary,NC,27519,Membership renewal,50,35,,
87,02/02/2019 21:49:10,unread,16861,Sobhan Nandi,sobhan_nandi@hotmail.com,9199081460,Archana Nandi,archananandi@yahoo.com,"Anwesha Nandi, Ankita Nandi",,111 Carriage Circle,,Chapel hill,North Carolina,27514,,50,35,,
86,02/02/2019 21:43:57,read,16861,Ashok Chatterjee ,rita.chat4ever@gmail.com,919-870-8356,Rita Chatterjee ,,,,148 Yorkchester Way,,Raleigh ,North Carolina,27615,,50,35,,
85,02/02/2019 21:16:44,unread,16861,Arjun Saha,orzun@yahoo.com,2404981795,Rupsa Roychowdhury,rupsa_rc@yahoo.com,Arjun Saha,Arjun Saha,2005 grace point road,,morrisville,nc,27560,,50,35,,
83,02/02/2019 14:50:26,unread,16861,Samim Brahma,samim.brahma@gmail.com,6094802097,Luna Singh,,Shanaya Brahma,,1213 Somers Dr,,Morrisville,North Carolina,27560,,0,50,,
82,02/01/2019 21:04:19,unread,16861,Sanjoy Kumar Mahanty,smahanty916@gmail.com,9194142706,Namita Mahanty,namitamahanty1224@gmail.com,Neela & Sourav,Sanjoy Kumar,514 Highgrove Drive,,Chapel Hill,NC,27516,,50,35,,
81,02/01/2019 16:25:10,unread,16861,Kaberi Dad,kaberijamuna@gmail.com,9194674893,Parikshit Das,,Kamalika Das,,104 Fairwood Dr,,Morrisville,NC,27560,,50,35,,
80,02/01/2019 11:29:08,unread,16861,Anirban Mandal,anirban.mandal@gmail.com,7134431847,,,,,2520 Summit Dr.,,Hillsborough,NC,27278,,30,25,,
75,01/31/2019 16:44:34,unread,16861,Pranab Das,nabanita.3007@gmail.com,4806199286,Nabanita Das,d.pranab@gmail.com,Sohini Das,Srija das,105 Begen St,,Morrisville,Nc,27560,,50,35,,
74,01/31/2019 10:26:41,unread,16861,Indrajit Dasgupta,indrajitdasgupta@gmail.com,6505754020,Nandini Dasgupta,,,,15 Placid Court,,Durham,NC,27713,,50,35,,
73,01/31/2019 10:03:21,unread,16861,Abhraneel Ganguly,abhraneelganguly@gmail.com,6198881771,Payal Roy,payal.hello@gmail.com,Aaryan Ganguly,Aaryan Ganguly,640 Piper Stream Cir,,Cary,NC,27519,,50,35,,
72,01/31/2019 10:00:21,unread,16861,Payel Mukherjee,payel_1983@rediffmail.com,9198008246,Pinaki Mukherjee,pin.mukherjee@gmail.com,,,101 Orianna Dr Morrisville,,Morrisville,North Carolina,27560,,50,35,,
67,01/30/2019 11:36:16,unread,16861,subhash banerjee,rajraniran@yahoo.com,9196518992,Ranjana Banerjee,rajraniran@yahoo.com,subhash banerjee,subhash banerjee,104 Thresher Court,,Cary,NC,27513,,50,35,,
66,01/30/2019 08:09:02,read,16861,Freny Mukerjee,dmukerjee3@gmail.com,919-544-3699,Debdas,,,,502 Stinhurst Dr,,Durham,NC,27713,,50,35,,
65,01/29/2019 23:43:03,unread,16861,Debmalya Panigrahi,debmalya.panigrahi@gmail.com,8577565701,Sudeepa Roy,roy.sudeepa@gmail.com,Sharanya Panigrahi,,604 Westminster Dr,,Chapel Hill,NC,27514,,0,35,,
64,01/29/2019 23:17:35,unread,16861,Souvik Dey,suparnajhilik@gmail.com,7048186327,Suparna Dey,,,,267 Daymire Glen Lane,,Cary,NC,27519,,50,35,,
63,01/29/2019 22:16:08,unread,16861,Dwaipayan Saha,dip_saha@yahoo.com,9196759938,Supriya Saha,,Diya and Sriya,,108 Opera Ct,,Cary,NC,27519,,50,35,,
62,01/29/2019 21:31:37,unread,16861,Sukanya Banik,suku120@yahoo.com,8608413990,Sujit Satpathy,sujit.satpathy@hotmail.com,"Aadya , Srishti",,4013 Vallonia Dr,,Cary,NC,27519,,50,35,,
61,01/29/2019 21:11:24,unread,16861,Ritam Banik,ritam.banik@gmail.com,9178030435,Moumita Mukhopadhyay,mukhopadhyay.moumita@gmail.com,Siddhanth Banik,Ritam Banik,1046 Upchurch Farm Ln,,Cary,NC,27519,,50,35,,
60,01/29/2019 18:38:13,unread,16861,Rinita Saha,brinitasaha@gmail.com,919-791-6792,Sudeep Saha,,Ryan Saha,,701 Cricketfield Lane,,Cary,NC,27518,,50,35,,
59,01/29/2019 18:37:40,unread,16861,Bhaskar Roy,roypbc@yahoo.com,9177565656,Harveen Roy,,,,1120 Forest Willow Ln,,Morrisville,NC,27560,,50,35,,
58,01/29/2019 15:02:11,unread,16861,Rudra Dutta,rudra@nc.rr.com,9198524757,Amrapali Bose,,"Abhraneel, Anamitraa (""Roumi"")",,303 Cricketfield Lane,,Cary,NC,27518,,50,35,,
57,01/28/2019 20:21:24,unread,16861,Chiranjib Kumar Ghorui,chiranjib84@gmail.com,9199172999,Anwesha Boral,,Anamitra Ghorui,,125 Stardale Road,,Morrisville,North Carolina,27560,,0,50,,
56,01/28/2019 18:11:29,unread,16861,Samiran De,samirand@gmail.com,4104560627,Ananya Bhattacharya,ananya323@gmail.com,Shubhayan De,Anup Kr. Bhattacharya,101 Presidents Walk Lane ,,Cary,NC,27519,,50,35,,
52,01/28/2019 15:50:47,unread,16861,DEBABRATA MAZUMDER,mazumderd@outlook.com,2103966505,Moumita Maity ,,,,"5523 North Carolina 55, Apt 424 ",,Durham ,North Carolina ,27713,,0,50,,
51,01/28/2019 08:00:31,unread,16861,Arno Dasgupta,dasguptaprianka@gmail.com,5619099800,,,,,224 Stablegate Dr.,,cary,NC,27513,,0,10,,
50,01/28/2019 07:57:14,unread,16861,Prianka Dasgupta,dasguptaprianka@gmail.com,5619099800,,,,,224 Stablegate Dr. ,,Cary,NC,27513,,30,25,,
48,01/27/2019 20:52:29,unread,16861,Ratan Ray,ratanray@hotmail.com,9194612386,Piya Ray,piyaray@hotmail.com,Ria & Rohan,,112 Rattle Snap Ct,,Cary,NC,27519,,50,35,,
47,01/27/2019 20:34:36,unread,16861,Sayantan Mitra,sayantanm@gmail.com,9193607394,Debashree Dhar,debashreedh@gmail.com,Oishee Mitra,TEMPORARY WORKER (H),3105 stonewater glen lane,,Cary,NORTH CAROLINA,27519,,50,35,,
44,01/27/2019 20:22:05,unread,16861,Utpal Chatterjee,utpalchat@gmail.com,9196677653,Mousumi Chatterjee,moumi.chatterjee@yahoo.com,Upamanyu Chatterjee,,25104 Praxis Way,,Cary,NC,27519,,50,35,,
43,01/27/2019 20:11:24,read,16861,Amalendu Chatterjee,amalendu.chatterjee@eximsoftint.com,9194279972,arundhati chatterjee,tutun.chatterjee@gmail.com,Amalendu Chatterjee,Amalendu Chatterjee,476 Perfect Moment Drive,,Durham,NC,27713,,50,35,,
42,01/27/2019 19:44:09,unread,16861,Manas Sinha Maha Patra,manas.sinha@gmail.com,2012868691,Sangita Mahanty,mahantymbsangita@gmail.com,Aarush Sinha Maha Patra,Sangita Mahanty,2009 Aventon Ln,,Morrisville,NC,27560,,50,35,,
41,01/27/2019 19:40:08,unread,16861,Samrat Das,samratdas@yahoo.com,7023586474,Trina Das,dastrina27@gmail.com,"Sharmelle, Sagnik, Satakshi",Asrukana Das,1349 Cozy Oak Ave,,Cary,NC,27519,,50,35,,
39,01/27/2019 19:06:23,unread,16861,Rajendra Narayan Mitra,mitrarajendra@gmail.com,4076668194,Dibyasree Dutt,duttdibyasree@gmail.com,Rudrabha Mitra,mitrarajendra@gmail.com,101 Cooper Glen Place,,Chapel Hill,NC,27517,Previous member,50,35,,
38,01/27/2019 19:01:53,unread,16861,Anjana Banerjee,ab_kennedy@yahoo.com,(919)412-5793,Lahir Patel,,,,177 Chapel Ridge Drive,,Pittsboro,NC,27312,,30,25,,
37,01/27/2019 18:41:31,unread,16861,Sujit Saha,saha_sujit@yahoo.com,9495547169,Mousumi Saha,mousumisaha66@yahoo.com,"Sagnik Saha, Sanket Saha",,505 Emerald Downs Rd,,Cary,NC,27519,,50,35,,
35,01/27/2019 18:14:51,unread,16861,Indranath Lahiri ,ipsha_98@yahoo.com,9193679510,Nandini Lahiri ,,"Naomi, Nayeli ",,204 Drakewood place,,Cary ,NC,27518,,50,35,,
34,01/27/2019 17:47:12,unread,16861,SIDDHARTHA RAY CHAUDHURI,sidhurc@gmail.com,9193256959,CHAITALI BHAUMIK,,Shreyas Raychaudhuri,None,1009 FOREST WILLOW LN,,MORRISVILLE,North Carolina,27560,,50,35,,
33,01/27/2019 17:14:02,unread,16861,jaydip bhattacharya,jaydipb@gmail.com,6262039750,Madhumita bhattacharya,mita.chak@gmail.com,"Debarpita bhattacharya, Diyana Bhattacharya",,104 Presidents Walk Ln,,Cary,NC,27519,,50,35,,
31,01/27/2019 15:48:49,unread,16861,Subrata Saha,subsaha2005@gmail.com,3474419939,Debasmita Saha,debasmitasaha2005@gmail.com,Arjaditya Saha,Subrata Saha,104 Brickford Ct,,Morrisville,NC,27560,,50,35,,
30,01/27/2019 15:41:38,unread,16861,Jeffrey Fischer,jeffnita@gmail.com,5134426097,Nabanita Modak Fischer,,,,200 Castle Hayne Drive,,Cary,North Carolina,27519,,50,35,,
29,01/27/2019 10:56:30,read,16861,KALLOL ROY,roykallol@gmail.com,4253059326,ANINDITA ROY,kalyani2930@gmail.com,Kingshuk Roy,Kautik Roy,7001 RAMBLING HILLS DR,APT 7001,Morrisville,NC,27560,Internet,50,35,,
28,01/27/2019 09:51:59,unread,16861,Aritra Dey,aritra.2005@gmail.com,4803990216,Swapnali Halder,shweb2008@gmail.com,Aronyak Dey,Aritra Dey,"812 Handsworth Lane, Apt 107",,Raleigh,NC,27607,,50,35,,
27,01/26/2019 22:24:07,unread,16861,Santanu Dey,santanu70001@gmail.com,4047904750,Mamta Dey,mamta11dey@gmail.com,,,440 Methven Grove Dr,,Cary,NC,27519,,50,35,,
25,01/26/2019 20:02:34,unread,16861,Jaideep Chatterjee,jaideep.chatterjee@gmail.com,5869910907,Nandita Chatterjee,nanditacus@hotmail.com,"Juthika Chatterjee, Juhi Chatterjee",,1600 Wheelwright Pl,Apt 114,Cary,NC,27519,,50,35,,
23,01/26/2019 00:39:58,unread,16861,Jarnalipa Bhattacharya,jarnalipa@gmail.com,9256408939,Bharat Awasthi,bharat2012@gmail.com,"Ayan, Abira",Padma,1122 Tamworth Hill Ln,,Cary,NC,27519,,0,35,,
22,01/24/2019 23:33:06,unread,16861,Prabir Majumdar,majumdarp1@gmail.com,5109268815,Indrani Das,majumder.id@gmail.com,"Parisa, Advitya",Prabir Majumdar,509 Henmore Brook Dr,,Cary,NC,27519,Referal,50,35,,
21,01/24/2019 01:15:28,unread,16861,David Runton,rrunton@gmail.com,9196296118,Rajashi (Pom Pom),d_runton@yahoo.com,"Neel, Rubi, Nick",,6920 Palaver Lane,,Cary,North Carolina,27519,,50,35,,
19,01/23/2019 10:19:19,unread,16861,Somnath Mukhopadhyay,sombarna@gmail.com,919-824-1894,Barnali Chowdhury,,Brithika Mukhopadhyay & Smithika Mukhopadhyay,Somnath Mukhopadhyay,1608 Cultivar Lane,,Durham,NC,27713,,50,35,,
18,01/23/2019 09:41:21,unread,16861,Subhajit Guha,subhajit.guha@gmail.com,4242492659,Nikita Dasgupta,nikita.dasgupta@gmail.com,Aura Guha,,2642 Rambling Creek road,,Apex,NC,27523,friends,50,35,,
16,01/22/2019 20:54:28,unread,16861,Aditi Majumdar,mithuster@gmail.com,9194678486,,,,,300 Indian Branch Dr,,Morrisville,North Carolina,27560,,50,35,,
14,01/22/2019 17:07:16,unread,16861,Madhulavi Majumder,madhulavi_majumder@ml.com,9199288442,Pranab Majumder,pranab.majumder@gmail.com,"Pradipta, Rukmini",,216 Chesley lane,,Chapel Hill ,NC,27514,,50,35,,
13,01/21/2019 20:56:37,unread,16861,Swarup Panja,panja_swarup@yahoo.com,9195920771,Aditi Panja,panjaaditi12@gmail.com,Simone Panja,,469 Methven Grove Dr,,Cary,NC,27519,Current member,50,35,,
12,01/21/2019 16:04:43,unread,16861,Subroto,nanditajsr@gmail.com,(919) 460-7990,Nandita,subroto@computer.org,Vivek & Arjun,,5015 Sears Farm Rd,,Cary,NC,27519,,50,35,,
11,01/21/2019 13:06:24,unread,16861,Durba Ghoshal,ghoshaldurba@gmail.com,9193729343,Siddhartha K Ghoshal,,Udita Delta Ghoshal,,4030 Remington Oaks Circle,,Cary,NC,27519,,50,35,,
9,01/21/2019 10:43:48,unread,16861,Rupam Roy,roopamroy@gmail.com,4079138162,Saptaparna Majumdar,royparna83@gmail.com,Rishabh Roy and Ridansh Roy,,1311 Burningbush Ln ,Apt 102,Raleigh,NC,27614,We are member from 2017,50,35,,
7,01/21/2019 04:56:25,unread,16861,Aranya Chakrabortty ,aranyaforest@yahoo.co.in,5188924308,,,,"Arun Chakrabartty (father), Suma Chakrabortty (mother)",4404 Macintyre Commons,,Raleigh ,NC,27606,,0,50,,
6,01/20/2019 15:04:16,unread,16861,Tanmoy Choudhury,tanmoydc@outlook.com,9198699365,Tanisha Datta,,"Tahan, Trishika",,507 Founders Walk Dr,,Morrisville,NC,27560,,50,35,,
2,01/16/2019 15:57:00,read,16861,PRASHANT GUPTA,pgupta1@gmail.com,9193088756,Sumita Biswas Gupta,sumitagupta123@gmail.com,Mihika,,201 Ticonderoga RD,,Cary,NC,27519,,50,35,,
